<?xml version="1.0" encoding="UTF-8" standalone="no"?>
<raConfiguration version="3">
  <generalSettings>
    <option key="#pinconfiguration#" value="R7FA6M5BH3CFC.pincfg"/>
    <option key="#Board#" value="board.ra6m5ck"/>
    <option key="CPU" value="RA6M5"/>
    <option key="Core" value="CM33"/>
    <option key="#TargetName#" value="R7FA6M5BH3CFC"/>
    <option key="#TargetARCHITECTURE#" value="cortex-m33"/>
    <option key="#DeviceCommand#" value="R7FA6M5BH"/>
    <option key="#RTOS#" value="_none"/>
    <option key="#FSPVersion#" value="6.1.0"/>
    <option key="#SELECTED_TOOLCHAIN#" value="clang_arm"/>
    <option key="#ToolchainVersion#" value="18.1.3"/>
    <option key="#ConfigurationFragments#" value="Renesas##BSP##Board##ra6m5_ck##"/>
  </generalSettings>
  <raBspConfiguration>
    <config id="config.bsp.ra6m5.R7FA6M5BH3CFC">
      <property id="config.bsp.part_number" value="config.bsp.part_number.value"/>
      <property id="config.bsp.rom_size_bytes" value="config.bsp.rom_size_bytes.value"/>
      <property id="config.bsp.rom_size_bytes_hidden" value="2097152"/>
      <property id="config.bsp.ram_size_bytes" value="config.bsp.ram_size_bytes.value"/>
      <property id="config.bsp.data_flash_size_bytes" value="config.bsp.data_flash_size_bytes.value"/>
      <property id="config.bsp.package_style" value="config.bsp.package_style.value"/>
      <property id="config.bsp.package_pins" value="config.bsp.package_pins.value"/>
      <property id="config.bsp.number_of_cores" value="1"/>
      <property id="config.bsp.irq_count_hidden" value="96"/>
    </config>
    <config id="config.bsp.ra6m5">
      <property id="config.bsp.series" value="config.bsp.series.value"/>
    </config>
    <config id="config.bsp.ra6m5.fsp">
      <property id="config.bsp.fsp.inline_irq_functions" value="config.bsp.common.inline_irq_functions.enabled"/>
      <property id="config.bsp.fsp.tz.exception_response" value="config.bsp.fsp.tz.exception_response.nmi"/>
      <property id="config.bsp.fsp.tz.cmsis.bfhfnmins" value="config.bsp.fsp.tz.cmsis.bfhfnmins.secure"/>
      <property id="config.bsp.fsp.tz.cmsis.sysresetreqs" value="config.bsp.fsp.tz.cmsis.sysresetreqs.secure_only"/>
      <property id="config.bsp.fsp.tz.cmsis.s_priority_boost" value="config.bsp.fsp.tz.cmsis.s_priority_boost.disabled"/>
      <property id="config.bsp.fsp.tz.csar" value="config.bsp.fsp.tz.csar.both"/>
      <property id="config.bsp.fsp.tz.rstsar" value="config.bsp.fsp.tz.rstsar.both"/>
      <property id="config.bsp.fsp.tz.bbfsar" value="config.bsp.fsp.tz.bbfsar.both"/>
      <property id="config.bsp.fsp.tz.sramsar.sramprcr" value="config.bsp.fsp.tz.sramsar.sramprcr.both"/>
      <property id="config.bsp.fsp.tz.sramsar.sramecc" value="config.bsp.fsp.tz.sramsar.sramecc.both"/>
      <property id="config.bsp.fsp.tz.stbramsar" value="config.bsp.fsp.tz.stbramsar.both"/>
      <property id="config.bsp.fsp.tz.bussara" value="config.bsp.fsp.tz.bussara.both"/>
      <property id="config.bsp.fsp.tz.bussarb" value="config.bsp.fsp.tz.bussarb.both"/>
      <property id="config.bsp.fsp.tz.uninitialized_ns_application_fallback" value="config.bsp.fsp.tz.uninitialized_ns_application_fallback.enabled"/>
      <property id="config.bsp.fsp.cache_line_size" value="config.bsp.fsp.cache_line_size.32"/>
      <property id="config.bsp.fsp.hoco_fll" value="config.bsp.fsp.hoco_fll.disabled"/>
      <property id="config.bsp.common.main_osc_wait" value="config.bsp.common.main_osc_wait.wait_8163"/>
      <property id="config.bsp.fsp.mcu.adc.max_freq_hz" value="50000000"/>
      <property id="config.bsp.fsp.mcu.sci_uart.max_baud" value="16666666"/>
      <property id="config.bsp.fsp.mcu.adc.sample_and_hold" value="0"/>
      <property id="config.bsp.fsp.mcu.adc.sensors_are_exclusive" value="0"/>
      <property id="config.bsp.fsp.mcu.sci_spi.max_bitrate" value="25000000"/>
      <property id="config.bsp.fsp.mcu.spi.max_bitrate" value="50000000"/>
      <property id="config.bsp.fsp.mcu.iic_master.rate.rate_fastplus" value="1"/>
      <property id="config.bsp.fsp.mcu.iic_master.fastplus_channels" value="0x3"/>
      <property id="config.bsp.fsp.mcu.iic_slave.rate.rate_fastplus" value="1"/>
      <property id="config.bsp.fsp.mcu.iic_slave.fastplus_channels" value="0x3"/>
      <property id="config.bsp.fsp.mcu.canfd.num_channels" value="2"/>
      <property id="config.bsp.fsp.mcu.canfd.rx_fifos" value="8"/>
      <property id="config.bsp.fsp.mcu.canfd.buffer_ram" value="4864"/>
      <property id="config.bsp.fsp.mcu.canfd.afl_rules" value="128"/>
      <property id="config.bsp.fsp.mcu.canfd.afl_rules_each_chnl" value="64"/>
      <property id="config.bsp.fsp.mcu.canfd.max_data_rate_hz" value="8"/>
      <property id="config.bsp.fsp.mcu.sci_uart.cstpen_channels" value="0x03F9"/>
      <property id="config.bsp.fsp.mcu.gpt.pin_count_source_channels" value="0xFFFF"/>
      <property id="config.bsp.fsp.mcu.adc_dmac.samples_per_channel" value="65535"/>
      <property id="config.bsp.fsp.mcu.rtc.err_adjustment_value.max_value" value="63"/>
      <property id="config.bsp.fsp.mcu.sci_lin.max_baud" value="6250000"/>
    </config>
    <config id="config.bsp.ra6m5.linker">
      <property id="config.bsp.option_setting.ofs0" value="config.bsp.option_setting.ofs0.enabled"/>
      <property id="config.bsp.option_setting.ofs0.iwdt_start_mode" value="config.bsp.option_setting.ofs0.iwdt_start_mode.disabled"/>
      <property id="config.bsp.option_setting.ofs0.iwdt_timeout" value="config.bsp.option_setting.ofs0.iwdt_timeout.2048"/>
      <property id="config.bsp.option_setting.ofs0.iwdt_divisor" value="config.bsp.option_setting.ofs0.iwdt_divisor.128"/>
      <property id="config.bsp.option_setting.ofs0.iwdt_window_end" value="config.bsp.option_setting.ofs0.iwdt_window_end.0"/>
      <property id="config.bsp.option_setting.ofs0.iwdt_window_start" value="config.bsp.option_setting.ofs0.iwdt_window_start.100"/>
      <property id="config.bsp.option_setting.ofs0.iwdt_reset_interrupt" value="config.bsp.option_setting.ofs0.iwdt_reset_interrupt.Reset"/>
      <property id="config.bsp.option_setting.ofs0.iwdt_stop_control" value="config.bsp.option_setting.ofs0.iwdt_stop_control.stops"/>
      <property id="config.bsp.option_setting.ofs0.wdt_start_mode" value="config.bsp.option_setting.ofs0.wdt_start_mode.register"/>
      <property id="config.bsp.option_setting.ofs0.wdt_timeout" value="config.bsp.option_setting.ofs0.wdt_timeout.16384"/>
      <property id="config.bsp.option_setting.ofs0.wdt_divisor" value="config.bsp.option_setting.ofs0.wdt_divisor.128"/>
      <property id="config.bsp.option_setting.ofs0.wdt_window_end" value="config.bsp.option_setting.ofs0.wdt_window_end.0"/>
      <property id="config.bsp.option_setting.ofs0.wdt_window_start" value="config.bsp.option_setting.ofs0.wdt_window_start.100"/>
      <property id="config.bsp.option_setting.ofs0.wdt_reset_interrupt" value="config.bsp.option_setting.ofs0.wdt_reset_interrupt.Reset"/>
      <property id="config.bsp.option_setting.ofs0.wdt_stop_control" value="config.bsp.option_setting.ofs0.wdt_stop_control.stops"/>
      <property id="config.bsp.option_setting.dualsel" value="config.bsp.option_setting.dualsel.disabled"/>
      <property id="config.bsp.option_setting.dualsel.mode" value="config.bsp.option_setting.dualsel.mode.linear"/>
      <property id="config.bsp.option_setting.ofs1" value="config.bsp.option_setting.ofs1.disabled"/>
      <property id="config.bsp.option_setting.ofs1.voltage_detection0.start" value="config.bsp.option_setting.ofs1.voltage_detection0.start.disabled"/>
      <property id="config.bsp.option_setting.ofs1.voltage_detection0_level" value="config.bsp.option_setting.ofs1.voltage_detection0_level.280"/>
      <property id="config.bsp.option_setting.ofs1.hoco_osc" value="config.bsp.option_setting.ofs1.hoco_osc.disabled"/>
      <property id="config.bsp.option_setting.banksel" value="config.bsp.option_setting.banksel.disabled"/>
      <property id="config.bsp.option_setting.banksel.bankswap" value="config.bsp.option_setting.banksel.bankswap.disabled"/>
      <property id="config.bsp.option_setting.banksel.blockswap" value="config.bsp.option_setting.banksel.blockswap.disabled"/>
      <property id="config.bsp.option_setting.bps" value="config.bsp.option_setting.bps.disabled"/>
      <property id="config.bsp.option_setting.bps.0" value="0U"/>
      <property id="config.bsp.option_setting.bps.1" value="0U"/>
      <property id="config.bsp.option_setting.bps.2" value="0U"/>
      <property id="config.bsp.option_setting.bps.3" value="0U"/>
      <property id="config.bsp.option_setting.pbps" value="config.bsp.option_setting.pbps.disabled"/>
      <property id="config.bsp.option_setting.pbps.0" value="0U"/>
      <property id="config.bsp.option_setting.pbps.1" value="0U"/>
      <property id="config.bsp.option_setting.pbps.2" value="0U"/>
      <property id="config.bsp.option_setting.pbps.3" value="0U"/>
      <property id="config.bsp.option_setting.ofs1_sec" value="config.bsp.option_setting.ofs1_sec.enabled"/>
      <property id="config.bsp.option_setting.ofs1_sec.voltage_detection0.start" value="config.bsp.option_setting.ofs1_sec.voltage_detection0.start.disabled"/>
      <property id="config.bsp.option_setting.ofs1_sec.voltage_detection0_level" value="config.bsp.option_setting.ofs1_sec.voltage_detection0_level.280"/>
      <property id="config.bsp.option_setting.ofs1_sec.hoco_osc" value="config.bsp.option_setting.ofs1_sec.hoco_osc.disabled"/>
      <property id="config.bsp.option_setting.banksel_sec" value="config.bsp.option_setting.banksel_sec.disabled"/>
      <property id="config.bsp.option_setting.banksel_sec.bankswap" value="config.bsp.option_setting.banksel_sec.bankswap.disabled"/>
      <property id="config.bsp.option_setting.banksel_sec.blockswap" value="config.bsp.option_setting.banksel_sec.blockswap.disabled"/>
      <property id="config.bsp.option_setting.bps_sec" value="config.bsp.option_setting.bps_sec.disabled"/>
      <property id="config.bsp.option_setting.bps_sec.0" value="0U"/>
      <property id="config.bsp.option_setting.bps_sec.1" value="0U"/>
      <property id="config.bsp.option_setting.bps_sec.2" value="0U"/>
      <property id="config.bsp.option_setting.bps_sec.3" value="0U"/>
      <property id="config.bsp.option_setting.pbps_sec" value="config.bsp.option_setting.pbps_sec.disabled"/>
      <property id="config.bsp.option_setting.pbps_sec.0" value="0U"/>
      <property id="config.bsp.option_setting.pbps_sec.1" value="0U"/>
      <property id="config.bsp.option_setting.pbps_sec.2" value="0U"/>
      <property id="config.bsp.option_setting.pbps_sec.3" value="0U"/>
      <property id="config.bsp.option_setting.ofs1_sel" value="config.bsp.option_setting.ofs1_sel.enabled"/>
      <property id="config.bsp.option_setting.ofs1_sel.voltage_detection0_level" value="config.bsp.option_setting.ofs1_sel.voltage_detection0_level.secure"/>
      <property id="config.bsp.option_setting.ofs1_sel.voltage_detection0.start" value="config.bsp.option_setting.ofs1_sel.voltage_detection0.start.secure"/>
      <property id="config.bsp.option_setting.banksel_sel" value="config.bsp.option_setting.banksel_sel.disabled"/>
      <property id="config.bsp.option_setting.banksel_sel.mode" value="config.bsp.option_setting.banksel_sel.mode.both"/>
      <property id="config.bsp.option_setting.bps_sel" value="config.bsp.option_setting.bps_sel.disabled"/>
      <property id="config.bsp.option_setting.bps_sel.0" value="0U"/>
      <property id="config.bsp.option_setting.bps_sel.1" value="0U"/>
      <property id="config.bsp.option_setting.bps_sel.2" value="0U"/>
      <property id="config.bsp.option_setting.bps_sel.3" value="0U"/>
    </config>
    <config id="config.bsp.ra">
      <property id="config.bsp.common.main" value="0x400"/>
      <property id="config.bsp.common.heap" value="0"/>
      <property id="config.bsp.common.bootloader.xip_enable" value="config.bsp.common.bootloader.xip_enable.disabled"/>
      <property id="config.bsp.common.vcc" value="3300"/>
      <property id="config.bsp.common.checking" value="config.bsp.common.checking.disabled"/>
      <property id="config.bsp.common.assert" value="config.bsp.common.assert.none"/>
      <property id="config.bsp.common.soft_reset" value="config.bsp.common.soft_reset.disabled"/>
      <property id="config.bsp.common.main_osc_populated" value="config.bsp.common.main_osc_populated.disabled"/>
      <property id="config.bsp.common.pfs_protect" value="config.bsp.common.pfs_protect.enabled"/>
      <property id="config.bsp.common.c_runtime_init" value="config.bsp.common.c_runtime_init.enabled"/>
      <property id="config.bsp.common.early_init" value="config.bsp.common.early_init.disabled"/>
      <property id="config.bsp.common.main_osc_clock_source" value="config.bsp.common.main_osc_clock_source.crystal"/>
      <property id="config.bsp.common.subclock_populated" value="config.bsp.common.subclock_populated.disabled"/>
      <property id="config.bsp.common.subclock_drive" value="config.bsp.common.subclock_drive.standard"/>
      <property id="config.bsp.common.subclock_stabilization_ms" value="1000"/>
    </config>
  </raBspConfiguration>
  <raClockConfiguration>
    <node id="board.clock.xtal.freq" mul="24000000" option="_edit"/>
    <node id="board.clock.hoco.freq" option="board.clock.hoco.freq.20m"/>
    <node id="board.clock.loco.freq" option="board.clock.loco.freq.32768"/>
    <node id="board.clock.moco.freq" option="board.clock.moco.freq.8m"/>
    <node id="board.clock.subclk.freq" option="board.clock.subclk.freq.32768"/>
    <node id="board.clock.pll.source" option="board.clock.pll.source.hoco"/>
    <node id="board.clock.pll.div" option="board.clock.pll.div.2"/>
    <node id="board.clock.pll.mul" option="board.clock.pll.mul.200"/>
    <node id="board.clock.pll.display" option="board.clock.pll.display.value"/>
    <node id="board.clock.pll2.source" option="board.clock.pll2.source.disabled"/>
    <node id="board.clock.pll2.div" option="board.clock.pll2.div.2"/>
    <node id="board.clock.pll2.mul" option="board.clock.pll2.mul.200"/>
    <node id="board.clock.pll2.display" option="board.clock.pll2.display.value"/>
    <node id="board.clock.clock.source" option="board.clock.clock.source.pll"/>
    <node id="board.clock.clkout.source" option="board.clock.clkout.source.disabled"/>
    <node id="board.clock.uclk.source" option="board.clock.uclk.source.disabled"/>
    <node id="board.clock.u60ck.source" option="board.clock.u60ck.source.disabled"/>
    <node id="board.clock.octaspiclk.source" option="board.clock.octaspiclk.source.disabled"/>
    <node id="board.clock.canfdclk.source" option="board.clock.canfdclk.source.disabled"/>
    <node id="board.clock.cecclk.source" option="board.clock.cecclk.source.disabled"/>
    <node id="board.clock.iclk.div" option="board.clock.iclk.div.1"/>
    <node id="board.clock.pclka.div" option="board.clock.pclka.div.2"/>
    <node id="board.clock.pclkb.div" option="board.clock.pclkb.div.4"/>
    <node id="board.clock.pclkc.div" option="board.clock.pclkc.div.4"/>
    <node id="board.clock.pclkd.div" option="board.clock.pclkd.div.2"/>
    <node id="board.clock.bclk.div" option="board.clock.bclk.div.2"/>
    <node id="board.clock.bclkout.div" option="board.clock.bclkout.div.2"/>
    <node id="board.clock.fclk.div" option="board.clock.fclk.div.4"/>
    <node id="board.clock.clkout.div" option="board.clock.clkout.div.1"/>
    <node id="board.clock.uclk.div" option="board.clock.uclk.div.5"/>
    <node id="board.clock.u60ck.div" option="board.clock.u60ck.div.1"/>
    <node id="board.clock.octaspiclk.div" option="board.clock.octaspiclk.div.1"/>
    <node id="board.clock.canfdclk.div" option="board.clock.canfdclk.div.6"/>
    <node id="board.clock.cecclk.div" option="board.clock.cecclk.div.1"/>
    <node id="board.clock.iclk.display" option="board.clock.iclk.display.value"/>
    <node id="board.clock.pclka.display" option="board.clock.pclka.display.value"/>
    <node id="board.clock.pclkb.display" option="board.clock.pclkb.display.value"/>
    <node id="board.clock.pclkc.display" option="board.clock.pclkc.display.value"/>
    <node id="board.clock.pclkd.display" option="board.clock.pclkd.display.value"/>
    <node id="board.clock.bclk.display" option="board.clock.bclk.display.value"/>
    <node id="board.clock.bclkout.display" option="board.clock.bclkout.display.value"/>
    <node id="board.clock.fclk.display" option="board.clock.fclk.display.value"/>
    <node id="board.clock.clkout.display" option="board.clock.clkout.display.value"/>
    <node id="board.clock.uclk.display" option="board.clock.uclk.display.value"/>
    <node id="board.clock.u60ck.display" option="board.clock.u60ck.display.value"/>
    <node id="board.clock.octaspiclk.display" option="board.clock.octaspiclk.display.value"/>
    <node id="board.clock.canfdclk.display" option="board.clock.canfdclk.display.value"/>
    <node id="board.clock.cecclk.display" option="board.clock.cecclk.display.value"/>
  </raClockConfiguration>
  <raComponentSelection>
    <component apiversion="" class="Projects" condition="" group="all" subgroup="common" variant="" vendor="Renesas" version="6.1.0">
      <description>Common source for all template projects.</description>
      <originalPack>Renesas.RA_common.6.1.0.pack</originalPack>
    </component>
    <component apiversion="" class="Common" condition="" group="all" subgroup="fsp_common" variant="" vendor="Renesas" version="6.1.0">
      <description>Board Support Package Common Files</description>
      <originalPack>Renesas.RA.6.1.0.pack</originalPack>
    </component>
    <component apiversion="" class="HAL Drivers" condition="" group="all" subgroup="r_ioport" variant="" vendor="Renesas" version="6.1.0">
      <description>I/O Port</description>
      <originalPack>Renesas.RA.6.1.0.pack</originalPack>
    </component>
    <component apiversion="" class="CMSIS" condition="" group="Main" subgroup="CoreM" variant="" vendor="Arm" version="6.1.0+fsp.6.1.0">
      <description>Arm CMSIS Version 6 - Core (M)</description>
      <originalPack>Arm.CMSIS6.6.1.0+fsp.6.1.0.pack</originalPack>
    </component>
    <component apiversion="" class="BSP" condition="" group="Board" subgroup="ra6m5_ck" variant="" vendor="Renesas" version="6.1.0">
      <description>CK-RA6M5 Board Support Files</description>
      <originalPack>Renesas.RA_board_ra6m5_ck.6.1.0.pack</originalPack>
    </component>
    <component apiversion="" class="BSP" condition="" group="ra6m5" subgroup="device" variant="R7FA6M5BH3CFC" vendor="Renesas" version="6.1.0">
      <description>Board support package for R7FA6M5BH3CFC</description>
      <originalPack>Renesas.RA_mcu_ra6m5.6.1.0.pack</originalPack>
    </component>
    <component apiversion="" class="BSP" condition="" group="ra6m5" subgroup="device" variant="" vendor="Renesas" version="6.1.0">
      <description>Board support package for RA6M5</description>
      <originalPack>Renesas.RA_mcu_ra6m5.6.1.0.pack</originalPack>
    </component>
    <component apiversion="" class="BSP" condition="" group="ra6m5" subgroup="fsp" variant="" vendor="Renesas" version="6.1.0">
      <description>Board support package for RA6M5 - FSP Data</description>
      <originalPack>Renesas.RA_mcu_ra6m5.6.1.0.pack</originalPack>
    </component>
    <component apiversion="" class="BSP" condition="" group="ra6m5" subgroup="events" variant="" vendor="Renesas" version="6.1.0">
      <description>Board support package for RA6M5 - Events</description>
      <originalPack>Renesas.RA_mcu_ra6m5.6.1.0.pack</originalPack>
    </component>
    <component apiversion="" class="BSP" condition="" group="ra6m5" subgroup="linker" variant="" vendor="Renesas" version="6.1.0">
      <description>Board support package for RA6M5 - Linker</description>
      <originalPack>Renesas.RA_mcu_ra6m5.6.1.0.pack</originalPack>
    </component>
  </raComponentSelection>
  <raIcuConfiguration/>
  <raMessagingConfiguration/>
  <raModuleConfiguration>
    <module id="module.driver.ioport_on_ioport.0">
      <property id="module.driver.ioport.name" value="g_ioport"/>
    </module>
    <context id="_hal.0">
      <stack module="module.driver.ioport_on_ioport.0"/>
    </context>
  </raModuleConfiguration>
  <raPinConfiguration>
    <symbolicName propertyId="p000.symbolic_name" value="ARDUINO_A0"/>
    <symbolicName propertyId="p001.symbolic_name" value="ARDUINO_A1"/>
    <symbolicName propertyId="p002.symbolic_name" value="ARDUINO_A2"/>
    <symbolicName propertyId="p003.symbolic_name" value="ARDUINO_A3"/>
    <symbolicName propertyId="p004.symbolic_name" value="PMOD2_INT"/>
    <symbolicName propertyId="p005.symbolic_name" value="PMOD1_INT"/>
    <symbolicName propertyId="p006.symbolic_name" value="ARDUINO_D2_INT0"/>
    <symbolicName propertyId="p008.symbolic_name" value="MEMS_MOTION_INT"/>
    <symbolicName propertyId="p014.symbolic_name" value="ARDUINO_A4"/>
    <symbolicName propertyId="p015.symbolic_name" value="ARDUINO_A5"/>
    <symbolicName propertyId="p104.symbolic_name" value="ARDUINO_D6"/>
    <symbolicName propertyId="p105.symbolic_name" value="ARDUINO_D5"/>
    <symbolicName propertyId="p108.symbolic_name" value="SWDIO"/>
    <symbolicName propertyId="p109.symbolic_name" value="TDO"/>
    <symbolicName propertyId="p110.symbolic_name" value="TDI"/>
    <symbolicName propertyId="p111.symbolic_name" value="ARDUINO_D3_PWM"/>
    <symbolicName propertyId="p112.symbolic_name" value="MIC_SCK"/>
    <symbolicName propertyId="p113.symbolic_name" value="MIC_LRCK"/>
    <symbolicName propertyId="p114.symbolic_name" value="MIC_RXD"/>
    <symbolicName propertyId="p115.symbolic_name" value="ARDUINO_D7"/>
    <symbolicName propertyId="p200.symbolic_name" value="NMI"/>
    <symbolicName propertyId="p201.symbolic_name" value="BOOT_MODE"/>
    <symbolicName propertyId="p202.symbolic_name" value="PMOD1_MISO"/>
    <symbolicName propertyId="p203.symbolic_name" value="PMOD1_MOSI"/>
    <symbolicName propertyId="p204.symbolic_name" value="PMOD1_SCK"/>
    <symbolicName propertyId="p205.symbolic_name" value="PMOD1_SS"/>
    <symbolicName propertyId="p206.symbolic_name" value="PMOD1_SS2_GPIO"/>
    <symbolicName propertyId="p207.symbolic_name" value="PMOD1_SS3_GPIO"/>
    <symbolicName propertyId="p208.symbolic_name" value="ETH_LINK_STATUS"/>
    <symbolicName propertyId="p210.symbolic_name" value="ETH_PHY_RESET"/>
    <symbolicName propertyId="p211.symbolic_name" value="ETH_MDIO"/>
    <symbolicName propertyId="p212.symbolic_name" value="EXTAL"/>
    <symbolicName propertyId="p213.symbolic_name" value="XTAL"/>
    <symbolicName propertyId="p214.symbolic_name" value="ETH_MDC"/>
    <symbolicName propertyId="p300.symbolic_name" value="SWCLK"/>
    <symbolicName propertyId="p303.symbolic_name" value="ARDUINO_RESET"/>
    <symbolicName propertyId="p306.symbolic_name" value="ZMOD4510_RESET"/>
    <symbolicName propertyId="p307.symbolic_name" value="ZMOD4410_RESET"/>
    <symbolicName propertyId="p311.symbolic_name" value="PMOD1_RESET"/>
    <symbolicName propertyId="p400.symbolic_name" value="SENSOR_SCL"/>
    <symbolicName propertyId="p401.symbolic_name" value="SENSOR_SDA"/>
    <symbolicName propertyId="p402.symbolic_name" value="ZMOD4410_INT"/>
    <symbolicName propertyId="p403.symbolic_name" value="OB1203_INT"/>
    <symbolicName propertyId="p404.symbolic_name" value="ZMOD4510_INT"/>
    <symbolicName propertyId="p405.symbolic_name" value="ETH_TXEN"/>
    <symbolicName propertyId="p406.symbolic_name" value="ETH_TXD1"/>
    <symbolicName propertyId="p407.symbolic_name" value="USBFS_VBUS"/>
    <symbolicName propertyId="p409.symbolic_name" value="PMOD2_RESET"/>
    <symbolicName propertyId="p410.symbolic_name" value="PMOD2_MISO"/>
    <symbolicName propertyId="p411.symbolic_name" value="PMOD2_MOSI"/>
    <symbolicName propertyId="p412.symbolic_name" value="PMOD2_SCK"/>
    <symbolicName propertyId="p413.symbolic_name" value="PMOD2_SS"/>
    <symbolicName propertyId="p414.symbolic_name" value="PMOD2_SS2_GPIO"/>
    <symbolicName propertyId="p415.symbolic_name" value="ARDUINO_D4"/>
    <symbolicName propertyId="p500.symbolic_name" value="USB_SERIAL_CTS"/>
    <symbolicName propertyId="p501.symbolic_name" value="USB_SERIAL_TXD"/>
    <symbolicName propertyId="p502.symbolic_name" value="USB_SERIAL_RXD"/>
    <symbolicName propertyId="p503.symbolic_name" value="ARDUINO_D10_SS"/>
    <symbolicName propertyId="p504.symbolic_name" value="ARDUINO_D13_SCK"/>
    <symbolicName propertyId="p505.symbolic_name" value="ARDUINO_D11_MISO"/>
    <symbolicName propertyId="p506.symbolic_name" value="ARDUINO_D12_MOSI"/>
    <symbolicName propertyId="p508.symbolic_name" value="USB_SERIAL_RTS"/>
    <symbolicName propertyId="p511.symbolic_name" value="ARDUINO_SDA"/>
    <symbolicName propertyId="p512.symbolic_name" value="ARDUINO_SCL"/>
    <symbolicName propertyId="p601.symbolic_name" value="LED4"/>
    <symbolicName propertyId="p602.symbolic_name" value="LED2_RED"/>
    <symbolicName propertyId="p603.symbolic_name" value="LED2_GREEN"/>
    <symbolicName propertyId="p605.symbolic_name" value="LED2_BLUE"/>
    <symbolicName propertyId="p608.symbolic_name" value="ARDUINO_D9"/>
    <symbolicName propertyId="p609.symbolic_name" value="LED3"/>
    <symbolicName propertyId="p610.symbolic_name" value="LED1"/>
    <symbolicName propertyId="p611.symbolic_name" value="ARDUINO_D8"/>
    <symbolicName propertyId="p613.symbolic_name" value="IIC_TXD7"/>
    <symbolicName propertyId="p614.symbolic_name" value="IIC_RXD7"/>
    <symbolicName propertyId="p615.symbolic_name" value="USBFS_VBUS_EN"/>
    <symbolicName propertyId="p700.symbolic_name" value="ETH_TXD0"/>
    <symbolicName propertyId="p701.symbolic_name" value="ETH_50REF"/>
    <symbolicName propertyId="p702.symbolic_name" value="ETH_RXD0"/>
    <symbolicName propertyId="p703.symbolic_name" value="ETH_RXD1"/>
    <symbolicName propertyId="p704.symbolic_name" value="ETH_RXER"/>
    <symbolicName propertyId="p705.symbolic_name" value="ETH_CRSDV"/>
    <symbolicName propertyId="p706.symbolic_name" value="ARDUINO_D1_RX"/>
    <symbolicName propertyId="p707.symbolic_name" value="ARDUINO_D1_TX"/>
    <symbolicName propertyId="p708.symbolic_name" value="PMOD2_SS3_GPIO"/>
    <symbolicName propertyId="p803.symbolic_name" value="ETH_INT"/>
    <symbolicName propertyId="p804.symbolic_name" value="SWITCH_S2"/>
    <symbolicName propertyId="pa08.symbolic_name" value="USBFS_OVERCURA"/>
    <pincfg active="true" name="RA6M5 CK" selected="true" symbol="g_bsp_pin_cfg">
      <configSetting altId="adc0.an00.p000" configurationId="adc0.an00"/>
      <configSetting altId="adc0.an01.p001" configurationId="adc0.an01"/>
      <configSetting altId="adc0.an02.p002" configurationId="adc0.an02"/>
      <configSetting altId="adc0.an03.p003" configurationId="adc0.an03"/>
      <configSetting altId="adc0.an12.p014" configurationId="adc0.an12"/>
      <configSetting altId="adc0.an13.p015" configurationId="adc0.an13"/>
      <configSetting altId="adc0.mode.custom" configurationId="adc0.mode"/>
      <configSetting altId="debug0.mode.swd" configurationId="debug0.mode"/>
      <configSetting altId="debug0.swclk.p300" configurationId="debug0.swclk"/>
      <configSetting altId="debug0.swdio.p108" configurationId="debug0.swdio"/>
      <configSetting altId="etherc0.rmii.crs_dv.p705" configurationId="etherc0.rmii.crs_dv"/>
      <configSetting altId="etherc0.rmii.mdc.p214" configurationId="etherc0.rmii.mdc"/>
      <configSetting altId="etherc0.rmii.mdio.p211" configurationId="etherc0.rmii.mdio"/>
      <configSetting altId="etherc0.rmii.mode.rmii.free" configurationId="etherc0.rmii.mode"/>
      <configSetting altId="etherc0.rmii.pairing.free" configurationId="etherc0.rmii.pairing"/>
      <configSetting altId="etherc0.rmii.ref50ck.p701" configurationId="etherc0.rmii.ref50ck"/>
      <configSetting altId="etherc0.rmii.rx_er.p704" configurationId="etherc0.rmii.rx_er"/>
      <configSetting altId="etherc0.rmii.rxd0.p702" configurationId="etherc0.rmii.rxd0"/>
      <configSetting altId="etherc0.rmii.rxd1.p703" configurationId="etherc0.rmii.rxd1"/>
      <configSetting altId="etherc0.rmii.txd0.p700" configurationId="etherc0.rmii.txd0"/>
      <configSetting altId="etherc0.rmii.txd1.p406" configurationId="etherc0.rmii.txd1"/>
      <configSetting altId="etherc0.rmii.txd_en.p405" configurationId="etherc0.rmii.txd_en"/>
      <configSetting altId="iic0.mode.enabled.a" configurationId="iic0.mode"/>
      <configSetting altId="iic0.scl.p400" configurationId="iic0.scl"/>
      <configSetting altId="iic0.sda.p401" configurationId="iic0.sda"/>
      <configSetting altId="iic1.mode.enabled.a" configurationId="iic1.mode"/>
      <configSetting altId="iic1.scl.p512" configurationId="iic1.scl"/>
      <configSetting altId="iic1.sda.p511" configurationId="iic1.sda"/>
      <configSetting altId="p000.adc0.an00" configurationId="p000"/>
      <configSetting altId="p000.gpio_mode.gpio_mode_an" configurationId="p000.gpio_mode"/>
      <configSetting altId="p001.adc0.an01" configurationId="p001"/>
      <configSetting altId="p001.gpio_mode.gpio_mode_an" configurationId="p001.gpio_mode"/>
      <configSetting altId="p002.adc0.an02" configurationId="p002"/>
      <configSetting altId="p002.gpio_mode.gpio_mode_an" configurationId="p002.gpio_mode"/>
      <configSetting altId="p003.adc0.an03" configurationId="p003"/>
      <configSetting altId="p003.gpio_mode.gpio_mode_an" configurationId="p003.gpio_mode"/>
      <configSetting altId="p004.input" configurationId="p004"/>
      <configSetting altId="p004.gpio_irq.gpio_irq_enabled" configurationId="p004.gpio_irq"/>
      <configSetting altId="p004.gpio_mode.gpio_mode_in" configurationId="p004.gpio_mode"/>
      <configSetting altId="p004.gpio_pupd.gpio_pupd_ip_up" configurationId="p004.gpio_pupd"/>
      <configSetting altId="p005.input" configurationId="p005"/>
      <configSetting altId="p005.gpio_irq.gpio_irq_enabled" configurationId="p005.gpio_irq"/>
      <configSetting altId="p005.gpio_mode.gpio_mode_in" configurationId="p005.gpio_mode"/>
      <configSetting altId="p005.gpio_pupd.gpio_pupd_ip_up" configurationId="p005.gpio_pupd"/>
      <configSetting altId="p006.input" configurationId="p006"/>
      <configSetting altId="p006.gpio_irq.gpio_irq_enabled" configurationId="p006.gpio_irq"/>
      <configSetting altId="p006.gpio_mode.gpio_mode_in" configurationId="p006.gpio_mode"/>
      <configSetting altId="p006.gpio_pupd.gpio_pupd_ip_up" configurationId="p006.gpio_pupd"/>
      <configSetting altId="p008.input" configurationId="p008"/>
      <configSetting altId="p008.gpio_irq.gpio_irq_enabled" configurationId="p008.gpio_irq"/>
      <configSetting altId="p008.gpio_mode.gpio_mode_in" configurationId="p008.gpio_mode"/>
      <configSetting altId="p008.gpio_pupd.gpio_pupd_ip_up" configurationId="p008.gpio_pupd"/>
      <configSetting altId="p014.adc0.an12" configurationId="p014"/>
      <configSetting altId="p014.gpio_mode.gpio_mode_an" configurationId="p014.gpio_mode"/>
      <configSetting altId="p015.adc0.an13" configurationId="p015"/>
      <configSetting altId="p015.gpio_mode.gpio_mode_an" configurationId="p015.gpio_mode"/>
      <configSetting altId="p104.input" configurationId="p104"/>
      <configSetting altId="p104.gpio_mode.gpio_mode_in" configurationId="p104.gpio_mode"/>
      <configSetting altId="p105.input" configurationId="p105"/>
      <configSetting altId="p105.gpio_mode.gpio_mode_in" configurationId="p105.gpio_mode"/>
      <configSetting altId="p108.debug0.swdio" configurationId="p108"/>
      <configSetting altId="p108.gpio_speed.gpio_speed_high" configurationId="p108.gpio_drivecapacity"/>
      <configSetting altId="p108.gpio_mode.gpio_mode_peripheral" configurationId="p108.gpio_mode"/>
      <configSetting altId="p111.input" configurationId="p111"/>
      <configSetting altId="p111.gpio_mode.gpio_mode_in" configurationId="p111.gpio_mode"/>
      <configSetting altId="p112.ssi0.ssisck" configurationId="p112"/>
      <configSetting altId="p112.gpio_speed.gpio_speed_high" configurationId="p112.gpio_drivecapacity"/>
      <configSetting altId="p112.gpio_mode.gpio_mode_peripheral" configurationId="p112.gpio_mode"/>
      <configSetting altId="p113.ssi0.ssiws" configurationId="p113"/>
      <configSetting altId="p113.gpio_speed.gpio_speed_high" configurationId="p113.gpio_drivecapacity"/>
      <configSetting altId="p113.gpio_mode.gpio_mode_peripheral" configurationId="p113.gpio_mode"/>
      <configSetting altId="p114.ssi0.ssirxd" configurationId="p114"/>
      <configSetting altId="p114.gpio_speed.gpio_speed_high" configurationId="p114.gpio_drivecapacity"/>
      <configSetting altId="p114.gpio_mode.gpio_mode_peripheral" configurationId="p114.gpio_mode"/>
      <configSetting altId="p115.input" configurationId="p115"/>
      <configSetting altId="p115.gpio_mode.gpio_mode_in" configurationId="p115.gpio_mode"/>
      <configSetting altId="p202.sci9.rxd" configurationId="p202"/>
      <configSetting altId="p202.gpio_mode.gpio_mode_peripheral" configurationId="p202.gpio_mode"/>
      <configSetting altId="p203.sci9.txd" configurationId="p203"/>
      <configSetting altId="p203.gpio_mode.gpio_mode_peripheral" configurationId="p203.gpio_mode"/>
      <configSetting altId="p204.sci9.sck" configurationId="p204"/>
      <configSetting altId="p204.gpio_mode.gpio_mode_peripheral" configurationId="p204.gpio_mode"/>
      <configSetting altId="p205.sci9.ctsrts" configurationId="p205"/>
      <configSetting altId="p205.gpio_mode.gpio_mode_peripheral" configurationId="p205.gpio_mode"/>
      <configSetting altId="p206.input" configurationId="p206"/>
      <configSetting altId="p206.gpio_mode.gpio_mode_in" configurationId="p206.gpio_mode"/>
      <configSetting altId="p207.input" configurationId="p207"/>
      <configSetting altId="p207.gpio_mode.gpio_mode_in" configurationId="p207.gpio_mode"/>
      <configSetting altId="p208.input" configurationId="p208"/>
      <configSetting altId="p208.gpio_mode.gpio_mode_in" configurationId="p208.gpio_mode"/>
      <configSetting altId="p210.output.high" configurationId="p210"/>
      <configSetting altId="p210.gpio_speed.gpio_speed_high" configurationId="p210.gpio_drivecapacity"/>
      <configSetting altId="p210.gpio_mode.gpio_mode_out.high" configurationId="p210.gpio_mode"/>
      <configSetting altId="p210.gpio_otype.gpio_otype_n_ch_od" configurationId="p210.gpio_otype"/>
      <configSetting altId="p211.etherc0.rmii.mdio" configurationId="p211"/>
      <configSetting altId="p211.gpio_speed.gpio_speed_high" configurationId="p211.gpio_drivecapacity"/>
      <configSetting altId="p211.gpio_mode.gpio_mode_peripheral" configurationId="p211.gpio_mode"/>
      <configSetting altId="p214.etherc0.rmii.mdc" configurationId="p214"/>
      <configSetting altId="p214.gpio_speed.gpio_speed_high" configurationId="p214.gpio_drivecapacity"/>
      <configSetting altId="p214.gpio_mode.gpio_mode_peripheral" configurationId="p214.gpio_mode"/>
      <configSetting altId="p300.debug0.swclk" configurationId="p300"/>
      <configSetting altId="p300.gpio_speed.gpio_speed_high" configurationId="p300.gpio_drivecapacity"/>
      <configSetting altId="p300.gpio_mode.gpio_mode_peripheral" configurationId="p300.gpio_mode"/>
      <configSetting altId="p303.output.high" configurationId="p303"/>
      <configSetting altId="p303.gpio_speed.gpio_speed_high" configurationId="p303.gpio_drivecapacity"/>
      <configSetting altId="p303.gpio_mode.gpio_mode_out.high" configurationId="p303.gpio_mode"/>
      <configSetting altId="p303.gpio_otype.gpio_otype_n_ch_od" configurationId="p303.gpio_otype"/>
      <configSetting altId="p306.output.high" configurationId="p306"/>
      <configSetting altId="p306.gpio_speed.gpio_speed_high" configurationId="p306.gpio_drivecapacity"/>
      <configSetting altId="p306.gpio_mode.gpio_mode_out.high" configurationId="p306.gpio_mode"/>
      <configSetting altId="p306.gpio_otype.gpio_otype_n_ch_od" configurationId="p306.gpio_otype"/>
      <configSetting altId="p307.output.high" configurationId="p307"/>
      <configSetting altId="p307.gpio_speed.gpio_speed_high" configurationId="p307.gpio_drivecapacity"/>
      <configSetting altId="p307.gpio_mode.gpio_mode_out.high" configurationId="p307.gpio_mode"/>
      <configSetting altId="p307.gpio_otype.gpio_otype_n_ch_od" configurationId="p307.gpio_otype"/>
      <configSetting altId="p311.output.high" configurationId="p311"/>
      <configSetting altId="p311.gpio_speed.gpio_speed_high" configurationId="p311.gpio_drivecapacity"/>
      <configSetting altId="p311.gpio_mode.gpio_mode_out.high" configurationId="p311.gpio_mode"/>
      <configSetting altId="p311.gpio_otype.gpio_otype_n_ch_od" configurationId="p311.gpio_otype"/>
      <configSetting altId="p400.iic0.scl" configurationId="p400"/>
      <configSetting altId="p400.gpio_speed.gpio_speed_high" configurationId="p400.gpio_drivecapacity"/>
      <configSetting altId="p400.gpio_mode.gpio_mode_peripheral" configurationId="p400.gpio_mode"/>
      <configSetting altId="p400.gpio_otype.gpio_otype_n_ch_od" configurationId="p400.gpio_otype"/>
      <configSetting altId="p401.iic0.sda" configurationId="p401"/>
      <configSetting altId="p401.gpio_speed.gpio_speed_high" configurationId="p401.gpio_drivecapacity"/>
      <configSetting altId="p401.gpio_mode.gpio_mode_peripheral" configurationId="p401.gpio_mode"/>
      <configSetting altId="p401.gpio_otype.gpio_otype_n_ch_od" configurationId="p401.gpio_otype"/>
      <configSetting altId="p402.input" configurationId="p402"/>
      <configSetting altId="p402.gpio_irq.gpio_irq_enabled" configurationId="p402.gpio_irq"/>
      <configSetting altId="p402.gpio_mode.gpio_mode_in" configurationId="p402.gpio_mode"/>
      <configSetting altId="p402.gpio_pupd.gpio_pupd_ip_up" configurationId="p402.gpio_pupd"/>
      <configSetting altId="p403.input" configurationId="p403"/>
      <configSetting altId="p403.gpio_irq.gpio_irq_enabled" configurationId="p403.gpio_irq"/>
      <configSetting altId="p403.gpio_mode.gpio_mode_in" configurationId="p403.gpio_mode"/>
      <configSetting altId="p403.gpio_pupd.gpio_pupd_ip_up" configurationId="p403.gpio_pupd"/>
      <configSetting altId="p404.input" configurationId="p404"/>
      <configSetting altId="p404.gpio_irq.gpio_irq_enabled" configurationId="p404.gpio_irq"/>
      <configSetting altId="p404.gpio_mode.gpio_mode_in" configurationId="p404.gpio_mode"/>
      <configSetting altId="p404.gpio_pupd.gpio_pupd_ip_up" configurationId="p404.gpio_pupd"/>
      <configSetting altId="p405.etherc0.rmii.txd_en" configurationId="p405"/>
      <configSetting altId="p405.gpio_speed.gpio_speed_high" configurationId="p405.gpio_drivecapacity"/>
      <configSetting altId="p405.gpio_mode.gpio_mode_peripheral" configurationId="p405.gpio_mode"/>
      <configSetting altId="p406.etherc0.rmii.txd1" configurationId="p406"/>
      <configSetting altId="p406.gpio_speed.gpio_speed_high" configurationId="p406.gpio_drivecapacity"/>
      <configSetting altId="p406.gpio_mode.gpio_mode_peripheral" configurationId="p406.gpio_mode"/>
      <configSetting altId="p407.usbfs0.vbus" configurationId="p407"/>
      <configSetting altId="p407.gpio_speed.gpio_speed_high" configurationId="p407.gpio_drivecapacity"/>
      <configSetting altId="p407.gpio_mode.gpio_mode_peripheral" configurationId="p407.gpio_mode"/>
      <configSetting altId="p409.output.high" configurationId="p409"/>
      <configSetting altId="p409.gpio_speed.gpio_speed_high" configurationId="p409.gpio_drivecapacity"/>
      <configSetting altId="p409.gpio_mode.gpio_mode_out.high" configurationId="p409.gpio_mode"/>
      <configSetting altId="p409.gpio_otype.gpio_otype_n_ch_od" configurationId="p409.gpio_otype"/>
      <configSetting altId="p410.spi1.miso" configurationId="p410"/>
      <configSetting altId="p410.gpio_speed.gpio_speed_high" configurationId="p410.gpio_drivecapacity"/>
      <configSetting altId="p410.gpio_mode.gpio_mode_peripheral" configurationId="p410.gpio_mode"/>
      <configSetting altId="p411.spi1.mosi" configurationId="p411"/>
      <configSetting altId="p411.gpio_speed.gpio_speed_high" configurationId="p411.gpio_drivecapacity"/>
      <configSetting altId="p411.gpio_mode.gpio_mode_peripheral" configurationId="p411.gpio_mode"/>
      <configSetting altId="p412.spi1.rspck" configurationId="p412"/>
      <configSetting altId="p412.gpio_speed.gpio_speed_high" configurationId="p412.gpio_drivecapacity"/>
      <configSetting altId="p412.gpio_mode.gpio_mode_peripheral" configurationId="p412.gpio_mode"/>
      <configSetting altId="p413.spi1.ssl0" configurationId="p413"/>
      <configSetting altId="p413.gpio_speed.gpio_speed_high" configurationId="p413.gpio_drivecapacity"/>
      <configSetting altId="p413.gpio_mode.gpio_mode_peripheral" configurationId="p413.gpio_mode"/>
      <configSetting altId="p414.input" configurationId="p414"/>
      <configSetting altId="p414.gpio_mode.gpio_mode_in" configurationId="p414.gpio_mode"/>
      <configSetting altId="p415.input" configurationId="p415"/>
      <configSetting altId="p415.gpio_mode.gpio_mode_in" configurationId="p415.gpio_mode"/>
      <configSetting altId="p500.sci5.cts" configurationId="p500"/>
      <configSetting altId="p500.gpio_speed.gpio_speed_high" configurationId="p500.gpio_drivecapacity"/>
      <configSetting altId="p500.gpio_mode.gpio_mode_peripheral" configurationId="p500.gpio_mode"/>
      <configSetting altId="p501.sci5.txd" configurationId="p501"/>
      <configSetting altId="p501.gpio_speed.gpio_speed_high" configurationId="p501.gpio_drivecapacity"/>
      <configSetting altId="p501.gpio_mode.gpio_mode_peripheral" configurationId="p501.gpio_mode"/>
      <configSetting altId="p502.sci5.rxd" configurationId="p502"/>
      <configSetting altId="p502.gpio_speed.gpio_speed_high" configurationId="p502.gpio_drivecapacity"/>
      <configSetting altId="p502.gpio_mode.gpio_mode_peripheral" configurationId="p502.gpio_mode"/>
      <configSetting altId="p503.input" configurationId="p503"/>
      <configSetting altId="p503.gpio_mode.gpio_mode_in" configurationId="p503.gpio_mode"/>
      <configSetting altId="p505.input" configurationId="p505"/>
      <configSetting altId="p505.gpio_mode.gpio_mode_in" configurationId="p505.gpio_mode"/>
      <configSetting altId="p506.input" configurationId="p506"/>
      <configSetting altId="p506.gpio_mode.gpio_mode_in" configurationId="p506.gpio_mode"/>
      <configSetting altId="p508.sci5.ctsrts" configurationId="p508"/>
      <configSetting altId="p508.gpio_speed.gpio_speed_high" configurationId="p508.gpio_drivecapacity"/>
      <configSetting altId="p508.gpio_mode.gpio_mode_peripheral" configurationId="p508.gpio_mode"/>
      <configSetting altId="p511.iic1.sda" configurationId="p511"/>
      <configSetting altId="p511.gpio_speed.gpio_speed_high" configurationId="p511.gpio_drivecapacity"/>
      <configSetting altId="p511.gpio_mode.gpio_mode_peripheral" configurationId="p511.gpio_mode"/>
      <configSetting altId="p511.gpio_otype.gpio_otype_n_ch_od" configurationId="p511.gpio_otype"/>
      <configSetting altId="p512.iic1.scl" configurationId="p512"/>
      <configSetting altId="p512.gpio_speed.gpio_speed_high" configurationId="p512.gpio_drivecapacity"/>
      <configSetting altId="p512.gpio_mode.gpio_mode_peripheral" configurationId="p512.gpio_mode"/>
      <configSetting altId="p512.gpio_otype.gpio_otype_n_ch_od" configurationId="p512.gpio_otype"/>
      <configSetting altId="p601.output.low" configurationId="p601"/>
      <configSetting altId="p601.gpio_speed.gpio_speed_high" configurationId="p601.gpio_drivecapacity"/>
      <configSetting altId="p601.gpio_mode.gpio_mode_out.low" configurationId="p601.gpio_mode"/>
      <configSetting altId="p602.output.low" configurationId="p602"/>
      <configSetting altId="p602.gpio_speed.gpio_speed_high" configurationId="p602.gpio_drivecapacity"/>
      <configSetting altId="p602.gpio_mode.gpio_mode_out.low" configurationId="p602.gpio_mode"/>
      <configSetting altId="p603.output.low" configurationId="p603"/>
      <configSetting altId="p603.gpio_speed.gpio_speed_high" configurationId="p603.gpio_drivecapacity"/>
      <configSetting altId="p603.gpio_mode.gpio_mode_out.low" configurationId="p603.gpio_mode"/>
      <configSetting altId="p605.output.low" configurationId="p605"/>
      <configSetting altId="p605.gpio_speed.gpio_speed_high" configurationId="p605.gpio_drivecapacity"/>
      <configSetting altId="p605.gpio_mode.gpio_mode_out.low" configurationId="p605.gpio_mode"/>
      <configSetting altId="p608.input" configurationId="p608"/>
      <configSetting altId="p608.gpio_mode.gpio_mode_in" configurationId="p608.gpio_mode"/>
      <configSetting altId="p609.output.low" configurationId="p609"/>
      <configSetting altId="p609.gpio_speed.gpio_speed_high" configurationId="p609.gpio_drivecapacity"/>
      <configSetting altId="p609.gpio_mode.gpio_mode_out.low" configurationId="p609.gpio_mode"/>
      <configSetting altId="p610.output.low" configurationId="p610"/>
      <configSetting altId="p610.gpio_speed.gpio_speed_high" configurationId="p610.gpio_drivecapacity"/>
      <configSetting altId="p610.gpio_mode.gpio_mode_out.low" configurationId="p610.gpio_mode"/>
      <configSetting altId="p611.input" configurationId="p611"/>
      <configSetting altId="p611.gpio_mode.gpio_mode_in" configurationId="p611.gpio_mode"/>
      <configSetting altId="p613.sci7.sda" configurationId="p613"/>
      <configSetting altId="p613.gpio_speed.gpio_speed_high" configurationId="p613.gpio_drivecapacity"/>
      <configSetting altId="p613.gpio_mode.gpio_mode_peripheral" configurationId="p613.gpio_mode"/>
      <configSetting altId="p613.gpio_otype.gpio_otype_n_ch_od" configurationId="p613.gpio_otype"/>
      <configSetting altId="p614.sci7.scl" configurationId="p614"/>
      <configSetting altId="p614.gpio_speed.gpio_speed_high" configurationId="p614.gpio_drivecapacity"/>
      <configSetting altId="p614.gpio_mode.gpio_mode_peripheral" configurationId="p614.gpio_mode"/>
      <configSetting altId="p614.gpio_otype.gpio_otype_n_ch_od" configurationId="p614.gpio_otype"/>
      <configSetting altId="p615.usbfs0.vbusen" configurationId="p615"/>
      <configSetting altId="p615.gpio_speed.gpio_speed_high" configurationId="p615.gpio_drivecapacity"/>
      <configSetting altId="p615.gpio_mode.gpio_mode_peripheral" configurationId="p615.gpio_mode"/>
      <configSetting altId="p700.etherc0.rmii.txd0" configurationId="p700"/>
      <configSetting altId="p700.gpio_speed.gpio_speed_high" configurationId="p700.gpio_drivecapacity"/>
      <configSetting altId="p700.gpio_mode.gpio_mode_peripheral" configurationId="p700.gpio_mode"/>
      <configSetting altId="p701.etherc0.rmii.ref50ck" configurationId="p701"/>
      <configSetting altId="p701.gpio_speed.gpio_speed_high" configurationId="p701.gpio_drivecapacity"/>
      <configSetting altId="p701.gpio_mode.gpio_mode_peripheral" configurationId="p701.gpio_mode"/>
      <configSetting altId="p702.etherc0.rmii.rxd0" configurationId="p702"/>
      <configSetting altId="p702.gpio_speed.gpio_speed_high" configurationId="p702.gpio_drivecapacity"/>
      <configSetting altId="p702.gpio_mode.gpio_mode_peripheral" configurationId="p702.gpio_mode"/>
      <configSetting altId="p703.etherc0.rmii.rxd1" configurationId="p703"/>
      <configSetting altId="p703.gpio_speed.gpio_speed_high" configurationId="p703.gpio_drivecapacity"/>
      <configSetting altId="p703.gpio_mode.gpio_mode_peripheral" configurationId="p703.gpio_mode"/>
      <configSetting altId="p704.etherc0.rmii.rx_er" configurationId="p704"/>
      <configSetting altId="p704.gpio_speed.gpio_speed_high" configurationId="p704.gpio_drivecapacity"/>
      <configSetting altId="p704.gpio_mode.gpio_mode_peripheral" configurationId="p704.gpio_mode"/>
      <configSetting altId="p705.etherc0.rmii.crs_dv" configurationId="p705"/>
      <configSetting altId="p705.gpio_speed.gpio_speed_high" configurationId="p705.gpio_drivecapacity"/>
      <configSetting altId="p705.gpio_mode.gpio_mode_peripheral" configurationId="p705.gpio_mode"/>
      <configSetting altId="p706.sci3.rxd" configurationId="p706"/>
      <configSetting altId="p706.gpio_speed.gpio_speed_high" configurationId="p706.gpio_drivecapacity"/>
      <configSetting altId="p706.gpio_mode.gpio_mode_peripheral" configurationId="p706.gpio_mode"/>
      <configSetting altId="p707.sci3.txd" configurationId="p707"/>
      <configSetting altId="p707.gpio_speed.gpio_speed_high" configurationId="p707.gpio_drivecapacity"/>
      <configSetting altId="p707.gpio_mode.gpio_mode_peripheral" configurationId="p707.gpio_mode"/>
      <configSetting altId="p708.input" configurationId="p708"/>
      <configSetting altId="p708.gpio_mode.gpio_mode_in" configurationId="p708.gpio_mode"/>
      <configSetting altId="p803.input" configurationId="p803"/>
      <configSetting altId="p803.gpio_irq.gpio_irq_enabled" configurationId="p803.gpio_irq"/>
      <configSetting altId="p803.gpio_mode.gpio_mode_in" configurationId="p803.gpio_mode"/>
      <configSetting altId="p804.input" configurationId="p804"/>
      <configSetting altId="p804.gpio_irq.gpio_irq_enabled" configurationId="p804.gpio_irq"/>
      <configSetting altId="p804.gpio_mode.gpio_mode_in" configurationId="p804.gpio_mode"/>
      <configSetting altId="pa08.usbfs0.ovrcura" configurationId="pa08"/>
      <configSetting altId="pa08.gpio_speed.gpio_speed_high" configurationId="pa08.gpio_drivecapacity"/>
      <configSetting altId="pa08.gpio_mode.gpio_mode_peripheral" configurationId="pa08.gpio_mode"/>
      <configSetting altId="sci3.mode.asynchronous.b" configurationId="sci3.mode"/>
      <configSetting altId="sci3.pairing.b" configurationId="sci3.pairing"/>
      <configSetting altId="sci3.rxd.p706" configurationId="sci3.rxd"/>
      <configSetting altId="sci3.txd.p707" configurationId="sci3.txd"/>
      <configSetting altId="sci5.cts.p500" configurationId="sci5.cts"/>
      <configSetting altId="sci5.ctsrts.p508" configurationId="sci5.ctsrts"/>
      <configSetting altId="sci5.mode.custom.free" configurationId="sci5.mode"/>
      <configSetting altId="sci5.rxd.p502" configurationId="sci5.rxd"/>
      <configSetting altId="sci5.txd.p501" configurationId="sci5.txd"/>
      <configSetting altId="sci6.mode.custom.free" configurationId="sci6.mode"/>
      <configSetting altId="sci7.mode.iic.c" configurationId="sci7.mode"/>
      <configSetting altId="sci7.pairing.c" configurationId="sci7.pairing"/>
      <configSetting altId="sci7.scl.p614" configurationId="sci7.scl"/>
      <configSetting altId="sci7.sda.p613" configurationId="sci7.sda"/>
      <configSetting altId="sci9.ctsrts.p205" configurationId="sci9.ctsrts"/>
      <configSetting altId="sci9.mode.spi.free" configurationId="sci9.mode"/>
      <configSetting altId="sci9.rxd.p202" configurationId="sci9.rxd"/>
      <configSetting altId="sci9.sck.p204" configurationId="sci9.sck"/>
      <configSetting altId="sci9.txd.p203" configurationId="sci9.txd"/>
      <configSetting altId="spi1.miso.p410" configurationId="spi1.miso"/>
      <configSetting altId="spi1.mode.enabled.b" configurationId="spi1.mode"/>
      <configSetting altId="spi1.mosi.p411" configurationId="spi1.mosi"/>
      <configSetting altId="spi1.pairing.b" configurationId="spi1.pairing"/>
      <configSetting altId="spi1.rspck.p412" configurationId="spi1.rspck"/>
      <configSetting altId="spi1.ssl0.p413" configurationId="spi1.ssl0"/>
      <configSetting altId="ssi0.mode.custom.free" configurationId="ssi0.mode"/>
      <configSetting altId="ssi0.pairing.free" configurationId="ssi0.pairing"/>
      <configSetting altId="ssi0.ssirxd.p114" configurationId="ssi0.ssirxd"/>
      <configSetting altId="ssi0.ssisck.p112" configurationId="ssi0.ssisck"/>
      <configSetting altId="ssi0.ssiws.p113" configurationId="ssi0.ssiws"/>
      <configSetting altId="usbfs0.mode.custom" configurationId="usbfs0.mode"/>
      <configSetting altId="usbfs0.ovrcura.pa08" configurationId="usbfs0.ovrcura"/>
      <configSetting altId="usbfs0.vbus.p407" configurationId="usbfs0.vbus"/>
      <configSetting altId="usbfs0.vbusen.p615" configurationId="usbfs0.vbusen"/>
    </pincfg>
    <pincfg active="false" name="R7FA6M5BH3CFC.pincfg" symbol="">
      <configSetting altId="debug0.mode.swd" configurationId="debug0.mode"/>
      <configSetting altId="p108.gpio_mode.gpio_mode_peripheral" configurationId="p108.gpio_mode"/>
      <configSetting altId="p108.debug0.swdio" configurationId="p108"/>
      <configSetting altId="debug0.swdio.p108" configurationId="debug0.swdio"/>
      <configSetting altId="p300.gpio_mode.gpio_mode_peripheral" configurationId="p300.gpio_mode"/>
      <configSetting altId="p300.debug0.swclk" configurationId="p300"/>
      <configSetting altId="debug0.swclk.p300" configurationId="debug0.swclk"/>
    </pincfg>
  </raPinConfiguration>
</raConfiguration>
